6.87167181747256,4.55606403547377,11.1297375845878,14.1885557433894,33.3744290518196,6.54775580445946,5.28467991919368,11.1877388864987,15.8266288750268,35.2166692625314,5.97620249809249,4.41182206235634,11.3473781699265,14.9470817244581,36.9257992609619
5.25100416533659,6.84786183205318,8.22030397437846,19.4513296604839,36.3451528848117,5.23910145366562,8.28045786217254,8.00423789817414,22.0840001116535,39.0348808108712,5.62989847220426,6.67528262755737,9.7797682674983,19.1165606237609,37.4994834441549
6.49997644808298,7.34437205112469,11.3271192570284,13.798932164778,46.3261422301059,6.68224719962528,6.77649478682985,12.2856255564677,14.8051402488807,48.1703725430234,6.55245114819291,7.48605562179056,11.2038322272768,14.0014231073402,41.8861866264012
5.54157427133159,8.79531715425008,10.8348088068526,13.7736148279847,31.09205677582,5.10428952092051,8.16173882014127,11.1291858240703,15.2105736719624,29.8965989333036,5.29902652577844,8.92848976113451,10.5702499936586,17.1649506523829,26.4075870620692
8.23889051725418,5.96407600359538,10.8535025253749,15.7911050847826,44.0896490569436,8.63019098404351,5.63785089532894,13.0636912655399,17.1532959472876,42.7284383752718,8.22130153435257,5.94560672109996,10.6175430367985,16.3810470649245,38.3639522232935
5.79102075715672,6.13633285554434,9.37112626013405,17.949382331291,39.790205668671,5.85768221652316,5.0661758017157,12.7643130579022,21.1998103899203,38.988775111171,5.68732695102193,5.44923897026014,10.4852440085445,20.6885915240185,37.5765126041264
7.48450114828138,5.47439838650274,9.61715178526602,12.7071961867364,34.58332410993,7.5003454192186,6.65412710007305,9.65227844848676,15.3569435448928,34.8853326836179,6.97844118916157,5.56806247501438,9.59381131674432,13.483256132044,33.6322045651378
6.60656545868623,6.83118689768297,8.45852099148265,17.1991108098241,39.5834376737571,6.74502879095435,7.71377643288579,8.71505778502006,18.9953630467803,41.4375774758632,6.32872906439867,7.16599290430985,7.84105366392573,17.4422544797078,40.5799418493035
6.58248209757384,6.65043440448878,8.5007275660052,10.1674461702139,40.5621027590004,6.24104112627856,6.8894319617815,9.48440346852922,11.2776909143328,38.6820539994239,6.6347055736365,6.18868141901914,8.51322378435958,12.1102539539557,38.1204203759552
5.8726010698841,6.32997360711981,6.89476681406117,16.2840389301514,26.6833464291943,5.75739369547225,7.11112546265016,7.26507464332985,15.2271922956729,27.3948729655268,5.37761480461838,6.45935082644151,6.96185288223289,16.9638307472611,24.6859678475518
6.06370817145947,5.98358853028097,8.42506560362698,16.0033841838597,46.6103114909604,5.98125070888142,5.62561489065307,8.03779719821758,18.2606586084774,44.9374063203023,5.71928109896941,6.67664835209828,8.38063007940396,16.0431337235381,39.2564467956316
4.51977021119108,7.06873595950924,8.72026047232226,21.1238407042497,37.8445662628962,4.60159965607918,6.61290361914536,9.38611253492786,21.3994827968811,41.5004833433546,4.84353808633962,7.22766753731146,8.37462868222212,22.6772915673801,39.2114664928721
5.91845285629597,6.87982497557195,9.08643596583836,17.9533688590352,44.4223266205087,6.03217265532463,8.81935656713374,9.44608124173277,22.840024183205,36.5950725054552,6.87033269123357,7.09162417245056,10.3777361022662,20.2437056530777,32.8122653664224
7.01784120312075,6.89043198650627,9.61955883168582,13.5844430847453,49.2476915049982,6.4031301298993,7.1804803034105,11.9680204141127,14.0434055651329,41.484229902687,7.0271867479472,8.00432965135355,9.27436804859779,13.6076221553831,43.8174031762188
5.42174355444493,6.39804373875674,10.5789748198728,14.2859351481356,41.2556554594235,5.54862820874798,9.7168396540403,10.8612631542384,19.1767855313625,35.3963656821872,5.24217554285301,6.54421161224379,10.1369166574331,15.5303264295743,43.0757419311962
5.69319621324718,8.17551598644399,8.01662006637431,19.0724790240633,29.3976761435406,6.0768607914444,8.12747189211376,9.48983289189946,22.8783153363607,30.2248111836208,6.38762464300471,8.83865988612573,8.71980702979248,19.7579709734899,25.3513358279754
5.68247131498134,4.86739411689299,8.55107221099864,13.6243913523406,46.068480210184,7.20606577679923,5.16707720622366,8.92521814271694,15.7670688859718,54.5359334043809,5.75178449775349,5.12287535717103,8.42698789080505,14.0109400500664,50.5002691129934
6.76760958553355,6.94657640716009,13.6427631944512,19.3225980678565,46.0739502445001,7.12121842108684,7.55917842669839,15.0625953787315,21.0857507791823,45.89987468562,6.73198671087568,7.67437982183118,13.8476630884811,19.174087121459,42.9736557605419
5.54437045122833,6.08571479569025,9.99536787844695,17.94070938843,43.2891052082246,5.79648983651719,6.72565289137584,10.9021203853487,18.3407541530796,43.9275489075874,5.5201365811147,6.32646135234866,10.11112807162,18.1882744731086,48.2008911208335
5.95155133116013,6.73521755141947,8.00517601254999,15.0710054472919,28.7606886878079,6.30777931334167,8.51206087359897,7.42926857814652,14.8580276207509,27.9426649482463,5.82458684968657,6.63523913273229,9.72814364473888,15.3196127441712,27.931604927788
6.445604557668,4.48829689378995,10.7976128254789,10.2041523132841,29.1062239009579,7.44410987871269,4.88180806354879,12.6924932188626,11.1560469574254,25.6286365062427,6.78061274036008,5.27633762675371,11.5906366381617,10.690749556421,25.93538943144
7.50404916287955,7.09317608891058,9.24502724160224,18.1187186471851,46.0048366477566,8.21281490321191,5.87548130937178,10.9103617703769,21.0654660627131,42.8909700669597,6.99483326563422,7.65540269192558,10.0313033534567,18.4464012052902,43.9814364149426
7.29123479239261,5.72590726202901,10.2393013873685,13.0331395703988,32.1736814432824,7.75463332798418,6.97231608124558,10.3816376181238,15.4136864638551,32.6453270173131,6.63107492566415,5.79815745883139,10.0780468722278,14.0300080578375,30.5420256068544
5.21100063926508,4.91672138911667,12.5780147056358,18.2848139959043,21.9580495509634,5.30423507191411,4.67135378621865,13.4343381272984,19.7379954555249,24.4765960984875,5.35148227364152,4.93314446906259,12.5722842376534,18.4055555360367,35.1151033423742
6.25074497668996,5.20705094487485,11.6622074030591,18.7737012793762,41.4529953989337,5.50805734020781,5.93113974270829,13.2164263362908,21.6123168397205,35.2811849554832,5.7571606253608,5.24268880707937,11.931279343255,19.734574210014,36.998981696309
4.56648005658841,6.28359128410856,8.80472867218859,15.8559494177285,45.6210215317628,4.89388774474229,6.37186397399812,10.3945963094191,17.4149603368796,41.7021877741751,4.74794900048116,6.39590621439212,8.55467383081997,16.1479674777544,46.5903678448505
7.65626167542274,6.56205539712752,11.9486550754909,14.8270745055306,36.29427530019,8.16216190729376,6.46645369532498,13.1618248771604,15.8436913299849,31.0031333334868,7.50768567525159,6.55232403922607,12.97103389226,15.2283383817824,31.7280243593687
4.32111041228442,8.82748228320966,9.65023354992373,14.7124279850428,35.3660973202229,4.75358995079101,12.4250794270038,10.8359264555063,16.8561751488873,31.6621895140321,4.29444374285766,9.61773727297528,9.62426088722789,15.3053146132011,32.9391292494015
6.51593563338537,4.66548937951121,10.6578934296634,21.003034635931,35.9767016962067,7.09339490014801,5.96146369132636,10.8788601528329,22.5961278192393,44.8787241551762,6.53393605786554,5.34681191530819,10.7065006602788,20.6245296283823,36.6303178476923
5.41448826456181,6.32650821165853,8.27306304592224,15.1813917915882,41.5921757542527,5.56516278720455,7.43032775914615,8.13020696450817,16.6626703328036,43.2774304929453,5.45153727148074,6.01754410016366,8.79347630127038,15.063199925359,45.5263614644316
5.34557000526024,7.3790280357582,13.4686024708734,18.4873969517474,45.3515857860366,4.83960148958073,9.15145585648337,15.5208119375253,20.4744992651152,70.6014702946806,5.0719410277942,8.487418096918,13.8361702617358,18.5223311370962,40.6581863104764
7.60009628092769,5.81791617258523,8.58931259665169,17.5008248721945,27.6915371767059,8.21971515068117,4.88764219984717,9.81252330262716,21.0199676860441,23.7711872217627,7.58437234078659,6.19246562305315,9.23687351733164,17.1900419804821,29.9604393171678
6.13645587585152,7.84880864819442,8.8482751474175,17.7169170198518,46.0432624759408,5.63877996638852,8.01591364184142,8.50415512041311,20.073189545816,40.9757004084661,5.76565139773584,8.04624547980106,8.68129188719547,16.9229323486912,41.8659811925229
5.60965252983222,5.14620811979315,7.2972899913482,17.840949247598,50.6318532433946,5.72647522258301,6.84514243973703,8.93275278578618,21.4655672657909,54.092589448605,5.33515331392251,5.36558411538457,7.30767530515153,18.6132317557923,47.569360473542
7.76692908566921,6.79238210521,11.4341950730327,15.7385323570245,31.6667798700929,7.96291203079493,7.85287098011394,11.50455008604,16.715587967261,32.2641430902371,8.09193817317047,7.49835593194411,11.4963779339324,15.7512494950268,44.2117611234665
5.41333586702954,8.41587958839539,9.42435479893438,17.1238464500655,47.6851890851393,6.08818822421158,9.18713053580741,10.3210347538965,17.331504873897,48.6989949316269,5.40299632978721,9.59505785885608,10.2460824505529,17.0830377434617,44.6579648749937
5.9706898386815,7.50654778903187,8.93296995198855,16.0348944446309,33.4684683224872,5.4970701835074,8.71388342033214,10.2181611113127,18.8973915833644,36.7104484908554,5.04327056897257,8.51479708489092,9.01718939059764,17.1772354617954,39.8800031117256
6.27588713686328,5.67919707149568,8.08428498422527,18.2183874738944,39.2989449256673,6.28045019405814,6.23586616351858,7.86221418691175,19.3110696100717,34.6136644239552,6.16489184419042,6.3303655384969,7.86480820852451,18.0783177356293,32.7277526160623
7.10704438312657,3.66000653255849,12.106682736624,11.5344240096579,48.5945482613952,7.54500195741483,4.36159218940683,13.1396582575549,12.730982116269,41.339531979364,7.02370313816727,3.81271449590208,12.1954027236819,10.6834712225953,48.3666107065151
6.25037047411274,8.16609775696235,9.49550609219314,16.8171234839472,56.904102395529,6.75917314360621,7.94964655397616,10.3081300156889,16.9543803291749,52.4433799133635,6.50622609232294,8.67520775489658,9.46648387958896,17.4588850188393,54.3720949265977
5.69372489011185,6.74286688109883,9.81322533749085,21.5250934422506,29.2112377590211,5.7396642696758,5.93837108183203,10.3187606587239,23.2631581276134,28.2909284193584,5.47267483835593,7.02880982628199,9.5313410138943,21.0844529810439,25.2045382422904
7.47065714297741,6.86984791098368,8.70896494973964,11.102234599356,46.5924748923534,7.00215608683058,7.33765866031953,9.78540042840329,11.1853311809544,43.4778475995832,6.97401598981998,7.38437645829788,8.58909363588903,12.3958720983758,38.2927758812207
9.00367135831142,7.26465128308567,8.37630127367119,24.1024279135548,34.3960540921107,6.78713570905986,9.03926223520818,8.96557393020961,22.5170523366444,37.4233541026998,7.35151065507908,8.0201417619395,8.3752350378323,23.2051764407587,38.3652370916261
5.42797184276739,9.97308404803498,9.30386441048793,12.7332303990294,25.6692752665285,6.93788771157286,11.6652199866551,10.1354981133284,13.535990104083,26.4256382431122,5.82948555462531,10.6951085847251,9.4865290720616,12.1161899368149,25.3348349678557
4.35669052160651,6.39765866759735,7.67413782820001,15.9478855032453,33.9282853698437,5.42132456388685,8.18858047236426,9.51549696472866,17.4891800777096,37.5934074660659,4.40364724695665,6.83740232312565,8.38774540953448,15.5678697610923,30.2090317772053
5.05494659717635,7.0080788211465,6.76467945358466,16.4262453711673,48.2478256855155,5.95337720689566,7.80763414287621,8.87165120671938,19.3680658838814,42.0779552945082,5.38006308609006,6.80917296866352,6.89367848573513,16.61258410631,48.7791586174811
6.75452911194736,5.82117356360693,9.38684868460067,21.0600745025439,27.2819240685671,6.6777346114783,5.50483008769789,9.14331740229224,21.9422042389106,24.6599344608901,6.58399911131283,5.70243267522525,8.95193114716595,20.4322969365199,24.0179134508943
6.64583775736364,7.23260881100449,8.85078836689017,11.5068234428876,38.171434977903,6.7077997950306,8.37280941154569,9.83154354992549,13.724417886613,66.0390842232286,6.96807156633383,7.81384457542643,8.79496098002276,13.906385505162,41.3097290270767
6.80663211772751,8.55002609560807,10.0549757170186,19.1027386127582,45.5612212676213,7.42918260630245,12.5917636205899,10.4304637266477,23.1197366832526,37.8778174953816,6.44518107835247,9.41858389041001,10.1053917754194,18.2870707025352,39.3819096065632
6.43071107098802,6.65118448177176,7.36901046133213,19.3126270251025,30.5260072082177,6.90618920151087,7.00354657937449,9.40314440737294,21.1893105993689,26.9307186614789,6.55066769010212,6.61724317701722,8.41174992309709,19.6656806906514,28.78058654219
5.37310055385452,3.38078113502576,12.4272914599524,17.435855148848,38.4636062650653,5.46662114747195,5.51149949362613,13.8613216519522,23.0593212783946,32.1786338201456,5.51671541152601,3.81095473454858,12.7914109717017,17.4312381063676,40.8876069271973
8.01519518838111,5.69507558905233,9.72559706511359,12.1829592401464,43.4436131476204,8.08215219485345,7.8145848551254,11.3392641184174,14.8097570162024,44.5087585293706,7.57328239119763,6.24198539536224,9.5650821565485,12.3173901559442,37.347172674007
6.40907673401499,4.47264963663839,10.0303896132356,16.1111195766556,26.8287174908235,6.65270596564216,7.37695191793935,11.9863787395356,21.0228615216954,30.9310647208397,6.28410098056207,3.63195629228154,10.4308860424872,18.1173885995387,26.4365059351522
5.85991946095488,6.84666089137746,10.2417143187632,15.5166789103942,42.5281268018463,6.40712247914987,6.01197912526226,10.138433007294,19.4303092896175,50.9045884459358,5.33374757387384,7.57064568112872,9.69540621400349,15.4674652341257,44.5144021887296
6.70571535711902,6.71283193238816,10.9622031915155,15.6884098916702,32.3329648390228,7.10979064204772,7.72242512783053,13.6200962185777,18.1058392964719,39.0722171123636,6.58908111106194,6.77784313627134,11.1521399485319,16.2556894530007,37.8573607058086
6.7723924254301,5.08892701211373,12.4140167163506,12.986654403466,31.8231008632699,7.60255542997363,6.73557258357657,13.3223097502973,15.0027489717347,32.0425631752024,6.95103723283616,5.06956242031385,12.9278484890074,13.1968080886154,32.0463568761086
6.87507665948201,5.33908497209485,9.27483886472758,11.5023526270864,39.1011297119862,7.63878767029035,6.43145848551255,9.3736844244239,12.5611891615471,37.5607317068774,6.82625944997197,5.52110279058451,9.3283147445593,11.7963071210155,43.450406744942
4.52189611045937,5.40580500717203,12.0046040957946,20.426257565809,43.6287554737753,5.76720140376496,6.61413411978671,13.0922561940825,22.96745374838,37.6546314432847,5.59193349083746,5.86118834418701,13.2753672221352,21.8344987814221,41.8405064167517
6.06550448018494,6.64779830514161,9.16868513396548,16.0069045099145,38.9529724902565,6.67392527545672,7.66684360070811,10.1528718848505,16.5717615581977,34.5482696524293,6.2395300061985,7.39957338093385,8.16445904427141,14.9057258028825,32.6120324111521
6.74902406005101,6.2928250058045,8.38636023836075,14.8657386498326,62.3367919444531,6.93052473252364,8.50158266374483,9.0181153585061,16.6997645289933,54.4450470450344,7.3079662081798,6.13393062434993,9.48061891737272,13.6991581441768,59.6092949329121
6.8073904925693,5.85162708276602,12.2036959332495,15.9160930188622,41.4963011605105,7.28411430396456,9.06042506439201,13.4640136418458,19.6837768240162,40.6510351543803,6.75166715625091,5.85262905894908,12.3720074589363,16.0181275859203,44.5530780889813
5.57496442484557,6.29474689122318,10.859991252982,15.106807671588,36.9134325504887,6.44124718869837,5.69392070640424,15.4574221546078,16.6253609105489,42.2969745773455,5.34158246329006,6.11985242736859,11.286823746134,15.8864490657333,37.6454122905599
5.14490121607851,6.90134096595521,9.14574690868649,17.6669015593154,39.0463770606719,6.73627125125767,8.4402017155477,9.00406686251812,18.3064024039385,35.973661265712,4.74895102089156,6.93230433784656,9.37877693488622,17.8470810379519,35.0552297402376
5.97436806051947,4.22263896307224,10.9999395299147,21.1694258449422,28.7690625774777,6.28010695086889,5.58132456781105,9.82861390103696,23.0469283973939,33.999061515601,5.90021664323165,4.79374730947702,11.7399437045497,20.5410109801212,30.3025614418404
6.15620367576857,7.47479178763463,10.9174677977326,17.4321257763721,49.1889260894662,7.55636713912206,8.01644575047169,11.8784271598496,18.2511088719049,58.1548472799216,6.47645789723725,8.10495856900139,10.5053025754668,17.9122581972519,51.9678592186044
5.85808706062227,7.72222863073007,14.1338965866825,19.2608443202064,44.2692997577851,5.6614683158479,8.98873707730114,16.1048171257433,20.5415782705814,41.4733894174632,5.94465438824923,7.56565273862655,14.1977389544541,19.5860871162671,40.9178548688645
4.59728814847564,4.75291689673737,10.2792853669001,13.5492200068051,36.892655151672,4.89343267999351,4.83333333333333,10.7359960453664,14.5301380184949,39.4480809000734,4.49197718464819,4.9139750443909,9.82738342019107,13.8232699386636,39.6587537884996
6.13780462196336,6.1648773955547,13.4480065350038,16.4362132150345,37.3943406570887,7.43220441519489,6.76368867965999,12.6347296506358,17.6002436662259,36.3220855801374,6.18240393085857,6.6065583625181,13.297691948724,16.5523005680538,32.9863240003856
5.69741870118163,4.52119830405268,6.7833604902893,20.3137039441449,38.2345169124798,5.52890549863751,5.28446043720086,7.27292916809423,24.0359266276407,40.6894858806294,5.2533698123213,4.72388625832939,6.59431490216379,20.2183101012333,37.2353200069556
5.6310263122263,6.10711519122105,7.86271938270937,19.8069525054899,45.8568535771419,6.16216138800097,6.93042366691015,8.20433405247939,20.0646000379778,46.3706173377275,5.71064459552197,6.15868467283912,7.66590076717612,19.7763491414187,38.8701661835313
6.39754067166217,6.36982998205941,10.6270684106895,16.4348273133194,36.2519322629823,7.57810077027641,7.32367501924145,10.1100365163488,17.9509760564383,32.7087603903897,6.36111040519551,6.61812310060855,10.8813597855702,16.8733406232042,35.0901865286177
6.5304385676674,6.15708140229895,10.7828288958883,11.0449785010835,36.0990236945762,5.82778365030992,6.84520159706821,10.8172354576221,15.4870989519354,35.0952409195669,5.92096169224978,6.39678351069011,10.4408822975599,11.0780418734998,42.4000133023218
6.02881792235485,6.37911407194138,11.7528604728328,11.0750880731011,42.9905911234001,7.36069274695265,8.06926212944797,13.0201351311746,11.7694351600666,38.2638341374734,6.67376535725031,7.49551516067023,12.1460763317962,13.6486911432321,43.130826588889
5.83511014341872,6.83953822979596,9.48722994785533,16.0635959647135,45.8179109097012,6.40282517740052,7.77885317750183,9.35053823972463,18.7608097151761,42.5055699649542,5.71600674814274,7.34550314397637,9.36724702608067,16.5383903292318,45.8865135943535
7.50115261668684,5.29284491803043,10.1053772483772,18.2936271612869,40.6235019635358,8.36632133220631,6.34514243973704,11.2310589870844,18.9316214960532,56.4536743750101,7.38279753964165,5.55744224225384,9.95739843404342,16.7597617067575,39.6305103431898
6.77971766979107,7.6230566392462,11.7764631069586,14.6925730815172,43.9104554937648,6.81537898456931,7.89556099569313,12.5472122693881,18.5283965175479,42.9722841882661,6.56413379039056,7.37923097638518,12.1886664053387,14.2251425537916,38.9899931922548
5.49726840402048,8.29152414944553,7.03597794235764,15.8220077523384,34.520680130539,5.55675987732572,8.48745879751123,9.31638156596192,21.5116140654314,33.148954726101,5.88897368573356,9.54969437931035,8.52161004634298,15.7468377124416,39.6356844525538
6.4329918808547,6.49892842722105,10.0493079942379,17.7233838488141,44.7792331685043,6.8444741626424,6.94738560710316,11.3775666156017,31.8327800428775,42.5610441649525,6.38586384682193,6.5316440242507,10.7908261725731,18.3069696443707,44.5533563038705
7.53178726383281,4.56966308206739,7.95141502509,11.1059941045078,31.080380371979,7.30388249552925,5.3145848551254,8.71112379414185,12.1152310317864,33.1259229129749,7.43691131355229,4.68808126226205,7.6479919026269,10.3031209771216,28.4466348985198
5.31735962662939,4.77227178077329,10.9687580495084,16.5281405360889,48.3704538859471,5.91247245718773,3.14126707647824,11.7688790395108,19.404642191447,49.2960112927905,5.24357825327357,4.25619862466091,10.6687137192736,16.9475404915467,42.2995629534475
5.48666885255909,6.72178676875613,11.2316184267364,24.0115283930373,52.6434355282227,6.17683842610193,6.0830771286678,11.4463119596843,23.9641479337773,48.1755144338634,6.19117531306524,6.99105788839419,10.7238669064959,24.0776456668619,42.3254685685161
6.45218603753081,6.14566950428325,7.21218439248514,15.2515600986625,45.1296559308661,5.97429348837016,6.22745280543487,8.28606618501999,16.7292378983647,45.9705273946118,6.55533921117982,6.05874177723663,7.0561901421622,16.0405502310184,42.8728590224852
7.25753182724001,3.90580219046131,11.3398015100404,13.4086757226888,39.9926805997081,6.93091564357836,3.78686263840478,12.1081668299167,15.1613556049508,41.0208143823809,6.83592369250405,4.3052497464229,11.1876313165936,13.7181607050045,38.3725553647367
6.65227374253552,5.98538219211589,9.40242214571613,17.1762442985369,37.6972046557209,7.71769368377598,8.31203026758303,11.7899871561751,16.2515778047171,43.1633525138823,7.1581155882172,5.44135921098768,9.36854299769634,17.528198911643,37.1175201654132
6.55398263155482,6.38024252364006,6.16690178690327,12.9141277706024,44.5363920102349,7.29151919636715,5.82031534626586,7.36676262594656,15.1087045910305,38.2845876327955,6.53962302840961,6.9800326712021,5.8117097771059,13.0879818580269,44.4413545343197
5.33606587457591,4.73232938848694,13.9314923530169,16.3678042053408,43.9030384894525,4.9244506828566,5.39757994424966,14.1059798344537,14.6910918740648,43.081282495818,5.18036926477157,4.93513806150731,13.865745564648,17.1340258924302,40.0955232287335
5.28384205462617,7.25846259770715,10.4252474357935,17.6190383987696,54.136528039442,5.86702461742757,7.03786218651084,10.5059118694893,22.1253904619408,53.7573239430988,5.39516261428524,7.34521842441576,9.66835774108254,20.3855072049558,50.9865821257705
5.07221520265995,7.71198231577373,10.1400620413542,13.9403180727224,32.4934164119059,6.50839135819458,8.73590279727874,11.8651785155517,14.4698667694663,29.7703125310704,4.7492687076365,7.00603061892072,10.6186426204541,13.1207516846952,31.1409567685474
5.89022152874742,6.07035738818078,6.63395575669202,14.9109629805464,32.273108822525,7.05260143753784,6.87456959341105,6.86349549076354,16.5231544427693,29.0688763789861,6.33096332685024,6.13076957492378,6.27751464427657,13.9885101489386,31.773252160595
5.74064749388994,5.42842906201438,12.7906873455609,18.8221049629804,51.7823579059583,5.29281801889958,5.59720493945566,12.9757228515117,19.6556127922599,48.6679769099264,5.82537081038582,5.74530341407059,12.8987814306157,18.7856095119192,48.3333489729444
7.74579965368878,8.45342257182032,10.4692598829576,15.4392701132081,27.5159592098859,6.84926653577959,8.15068733874218,10.9260623952258,17.0637568284736,29.35247559447,7.56986680643435,8.39134321916754,10.5828561756315,15.2303486536314,23.5215288945997
5.26888272892055,3.8637826173653,10.8955392056215,11.1449524216434,39.1841957981026,5.23119306453833,4.49379108838568,10.7204435979798,13.2673265684927,38.8736288304843,4.49447191244411,3.76888411673856,10.8105189255049,11.1579790626104,44.4277918247551
6.60556418290737,7.32115920001005,7.94849612972444,18.3161477698819,51.2536855266444,6.16296728535749,7.15415064619959,9.27142032150151,18.8142984824792,54.6775906970051,6.60330787186022,7.22770371416551,7.59773673867153,18.5629715520158,54.6927609024077
6.65642480578837,8.48047709147261,12.4991421834726,15.9895638850248,65.7149967295521,6.83948618667465,8.7597841187955,13.7036770372609,18.3165189575165,66.3456811249504,6.85648944261336,9.30351726934667,12.9326840640127,16.0562721271671,58.7016208636168
6.68319321382636,7.60475672178085,10.047933596062,19.8369851269315,50.3801741998326,7.0096304088447,7.01135318526215,11.7802666518864,21.8822176522546,50.9962639159516,7.38893522794614,8.04561757961037,10.2887038229086,19.9872925952443,44.8190583410233
5.41534720651816,5.15368560238685,10.8504425320039,20.3850744367018,39.5613034883545,6.79372505848356,7.58324437052833,13.7358891690372,23.2727552214799,35.1465741247745,5.66391804280769,5.67305859611639,11.7233005988396,21.3067952709534,34.4240147805354
4.85327761808118,6.87240886263332,8.22062868465266,14.2058200108706,34.3058879897206,5.23019389083285,7.17190023219352,10.2011233493961,20.3616815831065,35.1071665968814,5.29176883275714,7.17558241558325,8.83422060955186,16.2595711949181,31.3029395337762
7.96013832268353,5.32988443653426,8.92141553420963,14.8501201163632,42.2918646116854,7.4058468871538,4.86314725955022,7.99754512131569,17.869513694744,37.9161649297755,7.5147553405093,5.44972242518607,8.73339070749004,14.468907501893,40.1644786042017
7.2203209738364,4.69720569909423,14.7301425704333,15.6524708437896,32.6964345104316,7.04530757684344,6.89566593620648,15.2911423048359,20.091891063113,36.4977838720104,6.95568649249404,5.68147364441262,15.0147874302851,15.6018745295605,43.1332700933257
6.43738749748149,6.25815715106329,10.462478714684,14.9392576604545,46.5457742572058,7.71535296546028,6.45686186234354,9.83075513835983,17.0471809806182,45.9017819270816,6.5748268016206,6.51358413122284,11.192452794345,15.0875780673929,41.8281456933144
7.37570510190068,8.44215304844616,11.982539722434,17.9991472236443,43.0353106194794,7.32337749778521,8.42921287438246,11.6450943931908,18.5814830955757,41.7574039773344,7.2237026204934,8.74603081108334,11.8641652697086,18.4888077360437,39.6340698380199
5.34314892390026,8.69601582243062,7.85142235241814,15.649171450057,50.186287841137,6.26049675141938,8.70921597272949,8.47553870505608,18.2793100507397,43.3447753421005,6.01129397104994,9.5046035524199,7.86215205212216,16.713526840037,41.277287708594
7.37670661913067,6.59435844589746,7.4990959495968,20.6235443867268,43.8029598662669,7.71770336761845,7.29026151241144,6.91478438442462,22.7519340104391,41.9738135922363,7.08658503433709,6.50035523699009,8.14131813609526,20.2088951913901,42.182558170421
6.87596426968618,6.95202786209421,10.824866830181,14.5474057927427,37.9900556719813,5.48489519026979,5.79373809846244,10.8519736842105,15.2228363425006,38.6458210362973,5.13749824057471,5.71425720197681,9.17568163990037,14.091235858761,34.8440083217571
7.8718166391506,5.22755328401423,9.76454675923268,17.5467887995704,39.2911983351628,8.10680049328883,6.68353588776212,10.265004067839,20.7109621104058,38.208262685787,8.46439230246219,5.94607672099857,9.76455694748634,17.4358775375633,39.111937346611
7.74200547361022,5.59797727610868,11.5568482797262,20.8085190619312,68.7195268589368,7.32667269153715,6.25468711955198,11.8930559765634,27.2986669143603,67.5903812198021,7.6316196048779,5.57608320692665,11.3980137711727,21.7089036388429,66.6903283113647
7.11879306397939,6.44589736892637,11.0595845304655,17.8325359641487,43.7667512352255,6.39053099684727,5.57310222141143,12.3763224958817,22.1809808676492,40.2441721649002,7.08742359400384,6.73900916523252,10.6764797239668,18.044897304539,43.4562086429628
4.04730136157629,6.56491692410717,7.56086879759057,17.9630209835737,49.832241288489,4.32195974098885,6.70005136757241,7.9921026615423,19.8193938667604,54.7962817203779,3.99249725384127,6.44888948276451,7.46878042197285,18.9979286701837,47.7995164388576
7.79515489964576,6.85460903979642,9.34673244839959,14.8419443248415,52.2787966331187,7.16310884559391,6.40117943420734,11.7625056976045,17.86398973692,51.8101134739046,7.5932879772951,6.68019330417371,9.61927568830165,14.4639288938416,47.769801891441
4.96268577572664,4.73665742071388,9.66115570121498,12.4541195139891,52.2643533669901,6.36,5.172753834916,11.1015512547719,14.3386532104088,51.8245813229195,5.40008817964129,5.19354084495248,9.93860247350578,12.9193753666347,50.5948918871809
4.17161404459607,9.87667860092335,11.0757854342903,22.7861984913894,30.1330044646951,5.31320627494151,9.77105620365257,11.4425592092948,25.4496953224953,32.8736680043741,4.55919123544677,10.1580484165918,11.1239633939925,22.4246103313747,41.3945876409381
5.55728663254569,5.51842661052035,9.98432671168019,13.6869868274111,24.6509245261269,5.47248963506258,6.84709033357682,12.1193001155599,15.0978230275021,29.8856338760174,5.33085758894664,5.62816436251881,11.0542301497348,15.1990018519474,22.7761443141774
5.89662798265048,7.54454772466585,11.8883106678961,19.5444846050391,41.3163503732568,6.33818598818817,8.44717632907945,12.2388984694406,20.7789015197543,37.991596842224,6.04905752373611,7.50506888080382,12.0006793036529,19.2437423230486,44.6208514229298
5.99192423075399,4.98503053878364,12.3576727178963,21.7210664157548,38.6844573590594,7.37022804703167,6.02191380569759,12.1717522691842,20.5742059718352,38.294774230078,6.73061126348546,5.14473618352334,11.6180100164614,22.0281630649087,48.4931929265782
5.18896422561158,7.15066264618789,8.89253143114135,17.8221159757132,43.4585113090605,4.99248512384974,7.67280913078596,10.5789264148221,17.6416791826562,42.5169946306012,5.57479646871584,6.59895654254702,10.0499302240643,19.0657539973606,39.2373653359406
6.37015174994726,5.2722525449221,15.7546594235409,13.2545358818138,37.0484550598342,6.17954143902845,6.14273957256182,16.4384172715045,14.3790792330712,43.7891874660228,6.32043781483138,4.80995508210455,16.6500934408543,15.9723582704356,37.6957452367304
6.61634137393713,4.44825856309969,12.5145633343348,19.7732539657259,33.5775733972631,5.79649404285634,4.83627920651832,14.2803818142222,20.2375899618893,31.8358328553242,6.55128606340112,4.36772321489007,12.9897622396534,20.5962009709958,29.5030193731118
6.43091255996848,8.04470821380274,11.416169840599,16.9548320033177,32.8351505923639,5.80594887973228,8.62716735839552,11.501914788641,17.3759134340219,43.4056982964007,6.23698921463057,9.03224366743459,11.2006628109956,17.6171830669829,36.5201195575745
7.32852966818798,6.08898874373855,11.6865887837246,13.2350798383956,37.2447398720836,7.30700369609138,5.81672835396933,10.8539158450211,14.6656355855657,33.4853973739073,7.28840232970036,6.12089368938933,12.2799178100524,13.0567608597177,31.2116383686896
6.43262145235585,7.10039266660964,9.32392146168162,14.2792751557921,58.4292824678884,5.81639765420363,7.29278069779005,7.63600265425984,19.1875448294687,73.1913635691872,6.41816299560959,7.56229053749409,10.0361432494147,14.1330978829108,57.8125441425851
7.1184002771873,8.36525033622719,11.5678269198381,16.9704929459762,28.6634747963704,7.30091317151253,8.59289819968398,12.3466535880142,17.3754019345641,30.0611164132346,7.29999719648051,8.60305292883569,11.2311294550051,17.9201233314291,27.9842170650903
7.19104952071896,5.18842292137783,7.40711344224107,16.6040600308027,31.1893219499505,6.39956376978688,6.54791018256848,7.27086743016596,22.6285128449719,33.6370398643576,6.90094550041236,5.28377719079448,7.54760658410092,18.0404651905642,29.1714248647698
4.64271968071249,8.00247001933902,12.0807980243435,18.5419558421015,48.9578607454437,4.53857685869829,8.67809008028528,13.118744040596,21.7335760270811,50.655145184708,4.78601467800688,8.03957619258649,12.417305809321,19.1195836293436,49.8568995142664
5.69348154301362,6.70692388669752,10.4079933654205,16.706461818745,42.3112575355223,5.83617859465733,7.04047966885805,12.3093400646642,17.527763735991,42.1312348365222,5.44021916467861,6.43510373359599,11.0304373887697,16.5274856985282,50.7330975200707
5.57107146563351,4.15811613944688,11.3623927240574,15.9347651995181,47.0780715043982,6.06512157993661,5.0645848551254,11.9845691649771,17.1612618206651,45.4622538795508,5.72382765622191,3.92486385025168,11.1413174690722,16.2746193373603,43.7892766837909
3.82011127884439,4.53386536129988,13.9631203045107,16.9378510779366,39.0079421219781,4.14520888216971,3.99226929632335,12.0301137430377,17.9653148934129,40.0472214663283,3.75002875103714,4.96433801738232,13.8884734940814,16.4437341899538,38.0982492703915
6.68266393717677,7.03710790952201,8.14354312201101,17.4726354805252,38.2584163977815,7.43862391633412,7.51469938065922,10.377507196946,20.4950767917414,36.6860858472689,5.99060265102722,7.35582194030002,8.17940743887111,17.3463510687854,44.0156215924642
5.41955312719645,5.81861857109233,12.7856975305931,12.9139418432427,48.7261079922956,5.07945867849483,5.87119551984417,13.4474864710184,15.8185150165658,42.7387908243297,5.52391267197663,6.83448586061121,11.3808975299454,13.4485062368079,38.6490681438476
7.79695625998637,5.11246620788004,10.5947906750567,11.8555427389839,42.7412652592988,7.80745550103008,5.4545288531775,10.3797703741929,13.5498005276583,45.8966112469505,8.16375625776246,4.9919279233051,11.0025493080307,12.0606160834157,40.8460826100239
6.70090384726533,7.81137417123576,9.74735664809725,13.6127850673261,47.4950104778305,6.33499835235821,7.7591189648509,10.6840317138422,15.9523118263601,44.4091260493172,6.31594582859241,8.15866323357763,10.2363652757971,13.9420654283301,39.1552384625447
6.529397464178,5.53568091589254,8.826824510984,17.0510008578009,44.342076445834,7.33746954609653,6.47577307036767,9.20607226594708,22.7590181825865,40.0993633774346,6.60013634049069,5.65816764313921,8.63309344400637,18.771001346581,43.2198361246979
6.39019094974663,5.48931072432695,13.8881191830415,14.1996075154652,39.7504114761149,6.74548207030235,4.99742854778146,14.3932758204985,14.6340845967794,43.0842350804073,7.08121230491981,5.67230420589119,13.8366147636124,14.1444337135491,35.8209295503462
6.8328109310374,4.00723867826068,9.72090915853504,15.0385364915708,26.3511717828582,6.12041504532503,4.54047966885805,9.87280266840341,16.9287582929512,23.0602318675211,6.66502588851136,4.14291581246723,9.65047263239953,17.0426742483198,18.7139122004916
7.00074383688242,7.32048761682966,9.66962738592315,14.983259666266,52.9935172800186,7.29996135489083,7.86284262701804,8.96843485081143,15.2109491824517,47.4329015420088,7.03833465484201,7.7313911137554,9.03854893301251,18.8806024878873,51.4228362583399
3.92253559470576,6.24667752109456,11.2460519215992,12.8761300976632,50.7050311710721,3.93454030780285,6.49017316500424,12.3725029830264,13.7581548043034,48.689303059942,3.74409820939389,6.27498313063374,12.5483687003992,13.7606506871125,53.7114256754465
7.25719885881714,5.39530501620027,8.97010412076074,10.6807937085126,47.7295998194512,6.98881159415784,7.09719439846652,10.2396609210576,12.6824907573978,43.0393585655943,7.2633555620138,5.25665283036589,9.92276472829913,11.645671615919,43.8135836242922
7.20377129329915,5.60819821885474,8.92850913547603,15.8938592842658,39.7086994748486,6.09851026354046,6.12381300219138,7.52397647557399,13.0082153969447,39.1232117486658,7.02004218583448,6.3363106614683,7.94127776961264,15.5444157794481,39.5475319461914
6.71689566371853,7.32832380700104,11.1723222259593,16.785330081654,58.5710667036731,7.29396966752666,7.79961042123204,12.8235059824432,22.6590393564071,51.4179790320182,6.77296513026976,7.59018633516868,11.3908415745399,16.2060057360122,51.6776008658945
5.33309742503209,3.22790636174841,7.22978384344134,15.120738206209,34.0259368215194,5.25135265435739,7.97400513744595,7.80935432653149,19.9705892147971,46.3536694806084,5.37334848124789,3.52003914879108,7.14046716458746,13.7901271753836,32.0872962836794
6.43400731909304,8.62058221204888,8.99543621731554,15.0070128089688,45.3823278377549,6.80145975120714,8.64530562453228,8.93944683977231,15.9201839287535,44.1564781756569,6.15012263595527,8.98228836073782,8.25726551403135,14.9502765069509,43.887509775526
5.74551876531625,4.91093422630786,11.5023050221398,14.7083010202938,36.220755907091,6.02703940449118,4.52123118110877,11.6832110003458,19.9952985833321,38.3064316604645,5.79635908663992,4.85676612549286,11.2836042641774,14.9425341422889,30.8720705493734
6.39315911351354,7.71721886996185,6.48463253680541,16.3373657459955,25.2125308893545,7.55949549252603,9.26406711257166,7.46832817207806,17.6365015343783,26.9231410107917,7.19265114050914,7.75099534341142,6.44532354656013,15.8864965288511,28.9193668346184
5.59548255464216,4.89853721617239,11.1930281144738,14.1839940009966,55.5123763102315,6.27648310072218,7.34842951059167,12.202671180891,15.1391735177073,48.4077664241789,5.82659701600409,6.32687561350381,11.3381193642176,14.8512722562005,54.5722735047113
6.11266784776534,4.81160076442909,11.9803989928955,18.4846911666575,38.0189531292098,6.77867605030233,4.78128804480156,13.0781142436948,19.3497745612515,33.5157405535285,6.13844489883709,4.7733152413953,12.0724013975088,19.5446871709446,30.6617991036431
6.98289084323754,7.49376713693191,13.7279674363755,16.3266571913194,43.2942158675202,7.52537653777308,7.73691951909509,13.7376278191704,16.437927487301,42.2774556762383,7.82864484614468,9.61654195201556,13.580841736755,15.8500913012805,37.9092298039381
6.4021455490326,5.15720361184434,15.7663642695328,16.7967952539358,29.9431639595372,7.17178210359211,5.64607980324227,16.254152952443,18.0361776171725,27.4742247353794,6.72769850319235,5.35289234426786,15.497935494291,16.5240033265615,32.2800879861841
5.82891231553578,7.48221029272894,9.23276177035928,12.6283191479574,49.9839551872033,6.00300467161242,7.69749711716949,9.96052808314216,13.0501393237734,49.8587505509669,5.532207858979,7.97661357231545,9.00783756334661,12.3569594939178,49.4426339434344
5.29207533216026,4.2375836064309,10.2915661876488,18.303569538857,43.6819400938074,6.09946249468297,7.05381056732408,11.1051826235141,17.7197939706023,43.5139201955024,5.73678773648386,4.87145305478868,10.3053185160193,19.9329892093311,42.7289146657953
5.50727714871021,7.46993226844642,10.1093067075561,18.8629914673909,34.7190684250474,6.31181268674358,8.93249330411493,10.1753330472467,18.0022766121279,33.360274650114,6.50921144601508,7.76268779923276,10.1088250825378,19.0768271809998,34.7494428777036
7.2864462332509,9.32822088516157,5.51916603553566,15.4371726295296,33.3639303572463,6.71228789328014,6.30865992236655,6.06506074185704,21.8833501669332,48.7575637690393,7.03909244060095,9.01423845952439,5.35367343099567,16.9291322170058,34.7109910215939
5.45174262615698,7.4580778023142,6.86242957728675,18.6824304364675,39.1883111641681,5.56678848768186,8.36294633157177,7.98295412674182,19.0401256870942,35.8577310444964,5.8938873783756,7.45700283167826,7.26493641560459,18.9062855305429,34.8977280059509
6.33792018018978,7.31417359452775,8.56092858710355,15.7589045907435,48.4228678916602,6.12562600942622,6.53926715423337,9.253985574248,16.7007940635267,39.1854894478896,6.27955631136104,7.52795690102285,8.13621245210891,15.2806739064958,43.7279538941874
7.59070911898351,5.38931482661943,7.90554931581899,17.0213352669958,37.4792974796033,8.66907556831881,5.85055129487407,8.92244427467137,18.3495211062416,32.6847392661703,7.86729306181056,4.9199253212472,7.67312682761135,17.3600950077503,33.9988936917528
5.22869139217877,7.9638080711866,9.25649634401877,15.2941671026935,54.4256371543047,5.91331267068879,7.71627708789871,10.2290980064678,17.0288418860326,49.6257145925446,5.55333390886875,8.36087820817607,9.4642740379488,16.1957892431617,45.8163525012363
5.65583002411698,6.46400061079782,7.84547811709507,15.5810137642392,44.8029198635495,4.51925972012883,7.09915997078159,8.61221505714719,17.1470812811666,44.5013362956842,5.08413327430494,6.48181852111752,7.720652953518,17.0802479329864,45.0525974238514
6.72415778474566,6.52772937014515,7.72524984735015,18.1419168862203,33.4108696053165,7.18926732983818,7.5,8.98778083734902,19.95034024544,31.5592200220157,6.94780035821494,7.15298731602601,7.39821863035267,18.6111149436291,32.0307337372617
4.58420874262839,7.68493654287812,10.0160083273777,18.4763358089274,33.8749114834938,5.13407774249557,9.08684584326707,10.4090694612957,18.7180149664882,29.5379431578115,4.72883280375,8.35338983328547,10.3514390782151,18.8513925550736,32.1645362959254
8.03979036906412,6.34573093371918,12.6733039375028,19.2145187228199,45.3850887030879,6.10396712278286,8.34493818935315,10.6395911272049,18.0610286783965,48.2398226198128,6.7272243212407,7.27458407414454,11.4423286948407,19.5646647731147,44.2932612025636
5.68576903924853,5.32879512392172,11.5278375565212,19.4605402513422,46.7503782910606,5.66533879206014,6.17056036326612,14.6673806650776,21.1952929641169,42.766216443453,5.48059661161385,4.64183479548113,12.4592678004504,22.7069158484715,41.1463426849046
6.28779445969948,3.93719743380653,6.95364885050009,14.9628500833623,36.3319715038513,6.06637507420959,3.79047966885805,7.23756579600423,17.9927276185105,34.4625087313523,5.85426177520374,3.69176690589598,7.0466745010472,14.4739801390721,37.675683131213
